"match_id","competition_name","season_name","competition_stage","match_date","kick_off","referee_name","stadium_name","team_id","team_name","opponent_id","opponent_name","is_home","goals","opponent_goals","result","total_shots","shots_on_target","blocked_shots","xg_total","fouls_committed","fouls_won","yellow_cards","red_cards","corners","offsides","passes","passes_completed","pass_pct","clearances","interceptions"
"8650","FIFA World Cup 2018","2018","Quarter-finals","2018-07-06","18:00:00.000","Milorad Mažić","Ak Bars Arena",781,"Brazil",782,"Belgium",TRUE,1,2,"L",25,9,9,2.6092,20,17,2,0,8,0,532,459,86.3,7,9
"8650","FIFA World Cup 2018","2018","Quarter-finals","2018-07-06","18:00:00.000","Milorad Mažić","Ak Bars Arena",782,"Belgium",781,"Brazil",FALSE,2,1,"W",8,3,2,0.4053,18,20,2,0,4,0,385,310,80.5,36,3
"7584","FIFA World Cup 2018","2018","Round of 16","2018-07-02","18:00:00.000","Malang Diedhiou","Rostov Arena",782,"Belgium",778,"Japan",TRUE,3,2,"W",28,7,7,2.9178,13,10,0,0,8,1,618,524,84.8,10,5
"7584","FIFA World Cup 2018","2018","Round of 16","2018-07-02","18:00:00.000","Malang Diedhiou","Rostov Arena",778,"Japan",782,"Belgium",FALSE,2,3,"L",12,4,4,0.6938,11,12,1,0,4,0,457,363,79.4,33,12
"7554","FIFA World Cup 2018","2018","Group Stage","2018-06-24","12:00:00.000","Ghead Grisha","Stadion Nizhny Novgorod (Nizhniy Novgorod)",768,"England",798,"Panama",TRUE,6,1,"W",11,7,2,3.1683,14,12,1,0,3,0,607,552,90.9,12,5
"7554","FIFA World Cup 2018","2018","Group Stage","2018-06-24","12:00:00.000","Ghead Grisha","Stadion Nizhny Novgorod (Nizhniy Novgorod)",798,"Panama",768,"England",FALSE,1,6,"L",8,2,1,1.08,13,14,3,0,2,0,406,349,86,8,7
"7539","FIFA World Cup 2018","2018","Group Stage","2018-06-19","15:00:00.000","Nawaf Abdulla Ghayyath Shukralla","Otkritie Bank Arena",789,"Poland",787,"Senegal",TRUE,1,2,"L",10,3,1,1.0423,7,16,1,0,3,1,585,482,82.4,12,11
"7539","FIFA World Cup 2018","2018","Group Stage","2018-06-19","15:00:00.000","Nawaf Abdulla Ghayyath Shukralla","Otkritie Bank Arena",787,"Senegal",789,"Poland",FALSE,2,1,"W",7,1,3,1.4278,17,7,1,0,3,0,382,286,74.9,16,18
"7550","FIFA World Cup 2018","2018","Group Stage","2018-06-22","18:00:00.000","Felix Brych","Rostec Arena",786,"Serbia",773,"Switzerland",TRUE,1,2,"L",12,3,1,1.1535,20,13,4,0,3,0,347,263,75.8,12,13
"7550","FIFA World Cup 2018","2018","Group Stage","2018-06-22","18:00:00.000","Felix Brych","Rostec Arena",773,"Switzerland",786,"Serbia",FALSE,2,1,"W",19,5,6,1.5573,13,20,1,0,7,0,554,467,84.3,9,8
"7538","FIFA World Cup 2018","2018","Group Stage","2018-06-18","12:00:00.000","Joel Antonio Aguilar Chicas","Stadion Nizhny Novgorod (Nizhniy Novgorod)",790,"Sweden",791,"South Korea",TRUE,1,0,"W",16,4,8,2.0151,19,22,1,0,6,0,477,371,77.8,17,7
"7538","FIFA World Cup 2018","2018","Group Stage","2018-06-18","12:00:00.000","Joel Antonio Aguilar Chicas","Stadion Nizhny Novgorod (Nizhniy Novgorod)",791,"South Korea",790,"Sweden",FALSE,0,1,"L",5,0,3,0.4144,22,19,2,0,5,0,382,289,75.7,23,8
"7534","FIFA World Cup 2018","2018","Group Stage","2018-06-17","15:00:00.000","Alireza Faghani","Stadion Luzhniki",770,"Germany",794,"Mexico",TRUE,0,1,"L",26,9,8,2.2993,13,13,2,0,6,0,619,521,84.2,4,6
"7534","FIFA World Cup 2018","2018","Group Stage","2018-06-17","15:00:00.000","Alireza Faghani","Stadion Luzhniki",794,"Mexico",770,"Germany",FALSE,1,0,"W",12,4,2,0.9933,15,11,2,0,1,0,324,247,76.2,23,17
"7543","FIFA World Cup 2018","2018","Group Stage","2018-06-20","18:00:00.000","Andrés Cunha","Ak Bars Arena",797,"Iran",772,"Spain",TRUE,0,1,"L",6,0,0,0.4265,14,15,2,0,2,0,262,158,60.3,20,12
"7543","FIFA World Cup 2018","2018","Group Stage","2018-06-20","18:00:00.000","Andrés Cunha","Ak Bars Arena",772,"Spain",797,"Iran",FALSE,1,0,"W",18,3,9,2.197,15,14,0,0,6,0,816,719,88.1,10,6
"7544","FIFA World Cup 2018","2018","Group Stage","2018-06-20","15:00:00.000","Clément Turpin","Rostov Arena",783,"Uruguay",799,"Saudi Arabia",TRUE,1,0,"W",14,3,5,1.8074,13,12,0,0,3,1,511,429,84,13,10
"7544","FIFA World Cup 2018","2018","Group Stage","2018-06-20","15:00:00.000","Clément Turpin","Rostov Arena",799,"Saudi Arabia",783,"Uruguay",FALSE,0,1,"L",8,2,3,0.2735,12,11,0,0,2,0,584,499,85.4,8,18
"7546","FIFA World Cup 2018","2018","Group Stage","2018-06-21","15:00:00.000","Mohamed Abdulla Hassan Mohd","Ekaterinburg Arena",771,"France",784,"Peru",TRUE,1,0,"W",12,4,2,1.8624,11,14,2,0,5,0,435,332,76.3,12,24
"7546","FIFA World Cup 2018","2018","Group Stage","2018-06-21","15:00:00.000","Mohamed Abdulla Hassan Mohd","Ekaterinburg Arena",784,"Peru",771,"France",FALSE,0,1,"L",12,2,2,0.6252,14,9,2,0,2,0,548,436,79.6,12,11
"7545","FIFA World Cup 2018","2018","Group Stage","2018-06-21","18:00:00.000","Ravshan Irmatov","Stadion Nizhny Novgorod (Nizhniy Novgorod)",779,"Argentina",785,"Croatia",TRUE,0,3,"L",10,3,4,1.2181,20,22,4,0,5,0,535,413,77.2,7,11
"7545","FIFA World Cup 2018","2018","Group Stage","2018-06-21","18:00:00.000","Ravshan Irmatov","Stadion Nizhny Novgorod (Nizhniy Novgorod)",785,"Croatia",779,"Argentina",FALSE,3,0,"W",14,5,3,1.8317,23,19,4,0,2,0,382,274,71.7,15,12
"7585","FIFA World Cup 2018","2018","Round of 16","2018-07-03","18:00:00.000","Mark Geiger","Otkritie Bank Arena",769,"Colombia",768,"England",TRUE,1,1,"D",14,4,3,0.8312,23,13,6,0,2,0,556,429,77.2,28,7
"7585","FIFA World Cup 2018","2018","Round of 16","2018-07-03","18:00:00.000","Mark Geiger","Otkritie Bank Arena",768,"England",769,"Colombia",FALSE,1,1,"D",17,2,5,2.2443,13,22,2,0,7,0,605,477,78.8,22,5
"7569","FIFA World Cup 2018","2018","Group Stage","2018-06-28","18:00:00.000","Nawaf Abdulla Ghayyath Shukralla","Mordovia Arena",798,"Panama",777,"Tunisia",TRUE,1,2,"L",9,4,2,0.6908,20,19,1,0,0,0,291,202,69.4,24,15
"7569","FIFA World Cup 2018","2018","Group Stage","2018-06-28","18:00:00.000","Nawaf Abdulla Ghayyath Shukralla","Mordovia Arena",777,"Tunisia",798,"Panama",FALSE,2,1,"W",15,6,3,2.8525,20,18,3,0,6,1,648,547,84.4,2,13
"7572","FIFA World Cup 2018","2018","Group Stage","2018-06-28","14:00:00.000","Janny Sikazwe","Volgograd Arena",778,"Japan",789,"Poland",TRUE,0,1,"L",11,3,2,0.8906,12,9,1,0,5,0,587,491,83.6,17,3
"7572","FIFA World Cup 2018","2018","Group Stage","2018-06-28","14:00:00.000","Janny Sikazwe","Volgograd Arena",789,"Poland",778,"Japan",FALSE,1,0,"W",11,2,4,1.0407,9,12,0,0,7,0,499,400,80.2,13,6
"7561","FIFA World Cup 2018","2018","Group Stage","2018-06-26","18:00:00.000","Antonio Miguel Mateu Lahoz","Rostov Arena",793,"Iceland",785,"Croatia",TRUE,1,2,"L",17,6,4,2.1327,14,11,3,0,10,0,331,224,67.7,10,9
"7561","FIFA World Cup 2018","2018","Group Stage","2018-06-26","18:00:00.000","Antonio Miguel Mateu Lahoz","Rostov Arena",785,"Croatia",793,"Iceland",FALSE,2,1,"W",13,2,3,0.6739,13,13,1,0,5,0,535,451,84.3,25,7
"7540","FIFA World Cup 2018","2018","Group Stage","2018-06-19","18:00:00.000","Enrique Cáceres","Saint-Petersburg Stadium ( Gazprom Arena )",796,"Russia",774,"Egypt",TRUE,3,1,"W",12,4,3,0.9812,10,11,2,0,7,0,467,321,68.7,26,8
"7540","FIFA World Cup 2018","2018","Group Stage","2018-06-19","18:00:00.000","Enrique Cáceres","Saint-Petersburg Stadium ( Gazprom Arena )",774,"Egypt",796,"Russia",FALSE,1,3,"L",15,2,5,1.6975,11,9,1,0,4,0,484,360,74.4,22,13
"7531","FIFA World Cup 2018","2018","Group Stage","2018-06-16","13:00:00.000","Szymon Marciniak","Otkritie Bank Arena",779,"Argentina",793,"Iceland",TRUE,1,1,"D",28,7,12,2.0805,11,17,0,0,10,0,796,694,87.2,10,3
"7531","FIFA World Cup 2018","2018","Group Stage","2018-06-16","13:00:00.000","Szymon Marciniak","Otkritie Bank Arena",793,"Iceland",779,"Argentina",FALSE,1,1,"D",9,2,2,1.0321,17,9,0,0,2,0,224,137,61.2,20,28
"7570","FIFA World Cup 2018","2018","Group Stage","2018-06-28","18:00:00.000","Damir Skomina","Rostec Arena",768,"England",782,"Belgium",TRUE,0,1,"L",12,1,4,1.2007,14,15,0,0,7,0,514,432,84,3,6
"7570","FIFA World Cup 2018","2018","Group Stage","2018-06-28","18:00:00.000","Damir Skomina","Rostec Arena",782,"Belgium",768,"England",FALSE,1,0,"W",14,3,7,0.9653,16,14,2,0,2,0,569,487,85.6,18,7
"7586","FIFA World Cup 2018","2018","Round of 16","2018-07-03","14:00:00.000","Damir Skomina","Saint-Petersburg Stadium ( Gazprom Arena )",790,"Sweden",773,"Switzerland",TRUE,1,0,"W",12,3,3,0.9105,12,15,1,0,3,0,304,202,66.4,27,6
"7586","FIFA World Cup 2018","2018","Round of 16","2018-07-03","14:00:00.000","Damir Skomina","Saint-Petersburg Stadium ( Gazprom Arena )",773,"Switzerland",790,"Sweden",FALSE,0,1,"L",16,3,9,0.533,16,12,2,1,11,0,615,510,82.9,13,7
"7557","FIFA World Cup 2018","2018","Group Stage","2018-06-25","18:00:00.000","Enrique Cáceres","Mordovia Arena",797,"Iran",780,"Portugal",TRUE,1,1,"D",9,2,2,1.577,16,8,1,0,0,0,239,154,64.4,11,18
"7557","FIFA World Cup 2018","2018","Group Stage","2018-06-25","18:00:00.000","Enrique Cáceres","Mordovia Arena",780,"Portugal",797,"Iran",FALSE,1,1,"D",15,4,3,1.5224,9,16,2,0,5,0,630,534,84.8,10,7
"7542","FIFA World Cup 2018","2018","Group Stage","2018-06-20","12:00:00.000","Mark Geiger","Stadion Luzhniki",780,"Portugal",788,"Morocco",TRUE,1,0,"W",12,2,4,0.885,18,21,1,0,5,0,397,281,70.8,27,6
"7542","FIFA World Cup 2018","2018","Group Stage","2018-06-20","12:00:00.000","Mark Geiger","Stadion Luzhniki",788,"Morocco",780,"Portugal",FALSE,0,1,"L",17,4,2,1.4551,23,17,1,0,7,0,519,382,73.6,13,14
"8656","FIFA World Cup 2018","2018","Semi-finals","2018-07-11","18:00:00.000","Cüneyt Çakιr","Stadion Luzhniki",785,"Croatia",768,"England",TRUE,2,1,"W",22,7,5,2.1413,26,12,2,0,8,0,656,492,75,21,6
"8656","FIFA World Cup 2018","2018","Semi-finals","2018-07-11","18:00:00.000","Cüneyt Çakιr","Stadion Luzhniki",768,"England",785,"Croatia",FALSE,1,2,"L",11,1,4,0.5467,13,24,1,0,4,0,537,403,75,41,5
"7548","FIFA World Cup 2018","2018","Group Stage","2018-06-22","12:00:00.000","Björn Kuipers","Saint-Petersburg Stadium ( Gazprom Arena )",781,"Brazil",795,"Costa Rica",TRUE,2,0,"W",23,9,5,3.0964,11,16,2,0,10,2,750,661,88.1,9,4
"7548","FIFA World Cup 2018","2018","Group Stage","2018-06-22","12:00:00.000","Björn Kuipers","Saint-Petersburg Stadium ( Gazprom Arena )",795,"Costa Rica",781,"Brazil",FALSE,0,2,"L",4,0,1,0.1587,17,11,1,0,1,2,294,205,69.7,28,8
"7578","FIFA World Cup 2018","2018","Group Stage","2018-06-15","12:00:00.000","Björn Kuipers","Ekaterinburg Arena",774,"Egypt",783,"Uruguay",TRUE,0,1,"L",8,3,3,0.3645,16,6,1,0,0,0,469,344,73.3,13,16
"7578","FIFA World Cup 2018","2018","Group Stage","2018-06-15","12:00:00.000","Björn Kuipers","Ekaterinburg Arena",783,"Uruguay",774,"Egypt",FALSE,1,0,"W",16,4,6,1.9408,7,16,0,0,5,0,623,513,82.3,9,21
"7553","FIFA World Cup 2018","2018","Group Stage","2018-06-23","15:00:00.000","Milorad Mažić","Rostov Arena",791,"South Korea",794,"Mexico",TRUE,1,2,"L",17,6,9,0.8218,26,8,3,0,7,0,360,279,77.5,10,5
"7553","FIFA World Cup 2018","2018","Group Stage","2018-06-23","15:00:00.000","Milorad Mažić","Rostov Arena",794,"Mexico",791,"South Korea",FALSE,2,1,"W",14,5,2,1.8776,8,23,0,0,4,0,495,422,85.3,9,13
"7536","FIFA World Cup 2018","2018","Group Stage","2018-06-18","15:00:00.000","Janny Sikazwe","Olimpiyskiy Stadion Fisht",782,"Belgium",798,"Panama",TRUE,3,0,"W",15,6,2,1.2121,17,20,3,0,9,0,610,513,84.1,7,12
"7536","FIFA World Cup 2018","2018","Group Stage","2018-06-18","15:00:00.000","Janny Sikazwe","Olimpiyskiy Stadion Fisht",798,"Panama",782,"Belgium",FALSE,0,3,"L",7,2,0,0.6254,20,16,5,0,3,1,364,284,78,19,15
"7555","FIFA World Cup 2018","2018","Group Stage","2018-06-24","18:00:00.000","César Arturo Ramos Palazuelos","Ak Bars Arena",789,"Poland",769,"Colombia",TRUE,0,3,"L",11,2,5,1.1142,17,10,2,0,7,0,448,340,75.9,25,18
"7555","FIFA World Cup 2018","2018","Group Stage","2018-06-24","18:00:00.000","César Arturo Ramos Palazuelos","Ak Bars Arena",769,"Colombia",789,"Poland",FALSE,3,0,"W",13,3,5,1.3869,11,17,0,0,5,0,548,427,77.9,22,9
"7576","FIFA World Cup 2018","2018","Group Stage","2018-06-15","18:00:00.000","Gianluca Rocchi","Olimpiyskiy Stadion Fisht",780,"Portugal",772,"Spain",TRUE,3,3,"D",10,3,3,1.4346,13,11,1,0,3,0,388,318,82,8,6
"7576","FIFA World Cup 2018","2018","Group Stage","2018-06-15","18:00:00.000","Gianluca Rocchi","Olimpiyskiy Stadion Fisht",772,"Spain",780,"Portugal",FALSE,3,3,"D",12,5,2,1.6609,11,12,1,0,5,1,780,714,91.5,8,12
"7565","FIFA World Cup 2018","2018","Group Stage","2018-06-27","18:00:00.000","Alireza Faghani","Otkritie Bank Arena",786,"Serbia",781,"Brazil",TRUE,0,2,"L",11,1,4,0.9483,14,7,3,0,5,1,447,337,75.4,20,6
"7565","FIFA World Cup 2018","2018","Group Stage","2018-06-27","18:00:00.000","Alireza Faghani","Otkritie Bank Arena",781,"Brazil",786,"Serbia",FALSE,2,0,"W",15,7,5,1.4198,7,12,0,0,8,3,653,553,84.7,23,10
"7551","FIFA World Cup 2018","2018","Group Stage","2018-06-23","18:00:00.000","Szymon Marciniak","Olimpiyskiy Stadion Fisht",770,"Germany",790,"Sweden",TRUE,2,1,"W",18,5,8,1.3181,12,16,1,1,5,2,718,619,86.2,11,3
"7551","FIFA World Cup 2018","2018","Group Stage","2018-06-23","18:00:00.000","Szymon Marciniak","Olimpiyskiy Stadion Fisht",790,"Sweden",770,"Germany",FALSE,1,2,"L",7,6,1,0.8152,17,10,2,0,3,0,234,164,70.1,38,9
"7537","FIFA World Cup 2018","2018","Group Stage","2018-06-18","18:00:00.000","Wilmar Alexander Roldán Pérez","Volgograd Arena",777,"Tunisia",768,"England",TRUE,1,2,"L",6,1,2,0.9457,15,9,0,0,2,0,368,285,77.4,12,13
"7537","FIFA World Cup 2018","2018","Group Stage","2018-06-18","18:00:00.000","Wilmar Alexander Roldán Pérez","Volgograd Arena",768,"England",777,"Tunisia",FALSE,2,1,"W",18,7,3,2.6264,9,14,1,0,7,1,570,484,84.9,4,6
"7580","FIFA World Cup 2018","2018","Round of 16","2018-06-30","14:00:00.000","Alireza Faghani","Ak Bars Arena",771,"France",779,"Argentina",TRUE,4,3,"W",9,4,1,1.638,23,14,2,0,0,0,350,283,80.9,16,8
"7580","FIFA World Cup 2018","2018","Round of 16","2018-06-30","14:00:00.000","Alireza Faghani","Ak Bars Arena",779,"Argentina",771,"France",FALSE,3,4,"L",12,4,6,1.4466,14,23,4,0,4,0,535,448,83.7,5,7
"7581","FIFA World Cup 2018","2018","Round of 16","2018-07-01","18:00:00.000","Néstor Fabián Pitana","Stadion Nizhny Novgorod (Nizhniy Novgorod)",785,"Croatia",776,"Denmark",TRUE,1,1,"D",21,6,7,2.1702,7,19,0,0,5,1,665,517,77.7,30,9
"7581","FIFA World Cup 2018","2018","Round of 16","2018-07-01","18:00:00.000","Néstor Fabián Pitana","Stadion Nizhny Novgorod (Nizhniy Novgorod)",776,"Denmark",785,"Croatia",FALSE,1,1,"D",14,3,3,0.6965,19,6,1,0,4,0,581,445,76.6,18,13
"7549","FIFA World Cup 2018","2018","Group Stage","2018-06-22","15:00:00.000","Matthew Conger","Volgograd Arena",775,"Nigeria",793,"Iceland",TRUE,2,0,"W",17,4,6,1.3122,10,12,1,0,6,0,529,413,78.1,22,8
"7549","FIFA World Cup 2018","2018","Group Stage","2018-06-22","15:00:00.000","Matthew Conger","Volgograd Arena",793,"Iceland",775,"Nigeria",FALSE,0,2,"L",10,3,1,1.5522,12,10,0,0,5,0,339,224,66.1,20,7
"7529","FIFA World Cup 2018","2018","Group Stage","2018-06-16","19:00:00.000","Sandro Ricci","Rostec Arena",785,"Croatia",775,"Nigeria",TRUE,2,0,"W",11,2,3,1.6945,21,12,2,0,6,0,503,389,77.3,22,14
"7529","FIFA World Cup 2018","2018","Group Stage","2018-06-16","19:00:00.000","Sandro Ricci","Rostec Arena",775,"Nigeria",785,"Croatia",FALSE,0,2,"L",13,2,6,0.7623,15,20,1,0,4,0,425,319,75.1,16,6
"7562","FIFA World Cup 2018","2018","Group Stage","2018-06-26","14:00:00.000","Sergey Karasev","Olimpiyskiy Stadion Fisht",792,"Australia",784,"Peru",TRUE,0,2,"L",16,2,4,1.6293,12,12,3,0,8,0,575,489,85,11,5
"7562","FIFA World Cup 2018","2018","Group Stage","2018-06-26","14:00:00.000","Sergey Karasev","Olimpiyskiy Stadion Fisht",784,"Peru",792,"Australia",FALSE,2,0,"W",4,3,0,0.3364,12,12,2,0,3,0,431,341,79.1,22,6
"7571","FIFA World Cup 2018","2018","Group Stage","2018-06-28","14:00:00.000","Milorad Mažić","Solidarnost Arena",787,"Senegal",769,"Colombia",TRUE,0,1,"L",7,3,0,0.3609,15,15,1,0,1,1,328,234,71.3,16,16
"7571","FIFA World Cup 2018","2018","Group Stage","2018-06-28","14:00:00.000","Milorad Mažić","Solidarnost Arena",769,"Colombia",787,"Senegal",FALSE,1,0,"W",4,2,1,0.2849,16,15,1,0,3,0,466,358,76.8,15,5
"7568","FIFA World Cup 2018","2018","Group Stage","2018-06-27","18:00:00.000","Clément Turpin","Stadion Nizhny Novgorod (Nizhniy Novgorod)",773,"Switzerland",795,"Costa Rica",TRUE,2,2,"D",13,3,4,1.2197,10,15,2,0,6,0,595,502,84.4,11,7
"7568","FIFA World Cup 2018","2018","Group Stage","2018-06-27","18:00:00.000","Clément Turpin","Stadion Nizhny Novgorod (Nizhniy Novgorod)",795,"Costa Rica",773,"Switzerland",FALSE,2,2,"D",14,6,2,1.5762,15,10,2,0,3,0,362,280,77.3,17,13
"7530","FIFA World Cup 2018","2018","Group Stage","2018-06-16","10:00:00.000","Andrés Cunha","Ak Bars Arena",771,"France",792,"Australia",TRUE,2,1,"W",12,4,5,1.5616,17,20,1,0,5,0,549,445,81.1,9,7
"7530","FIFA World Cup 2018","2018","Group Stage","2018-06-16","10:00:00.000","Andrés Cunha","Ak Bars Arena",792,"Australia",771,"France",FALSE,1,2,"L",5,2,1,0.98,20,15,3,0,1,0,444,342,77,19,15
"7558","FIFA World Cup 2018","2018","Group Stage","2018-06-25","14:00:00.000","Malang Diedhiou","Solidarnost Arena",783,"Uruguay",796,"Russia",TRUE,3,0,"W",16,6,5,2.4826,19,18,1,0,4,0,526,436,82.9,9,6
"7558","FIFA World Cup 2018","2018","Group Stage","2018-06-25","14:00:00.000","Malang Diedhiou","Solidarnost Arena",796,"Russia",783,"Uruguay",FALSE,0,3,"L",3,1,1,0.1802,19,19,1,1,2,0,380,290,76.3,20,7
"7583","FIFA World Cup 2018","2018","Round of 16","2018-07-02","14:00:00.000","Gianluca Rocchi","Solidarnost Arena",781,"Brazil",794,"Mexico",TRUE,2,0,"W",19,10,4,3.3204,8,19,2,0,8,0,410,330,80.5,16,9
"7583","FIFA World Cup 2018","2018","Round of 16","2018-07-02","14:00:00.000","Gianluca Rocchi","Solidarnost Arena",794,"Mexico",781,"Brazil",FALSE,0,2,"L",14,1,8,0.5828,19,8,4,0,7,2,429,353,82.3,11,4
"7547","FIFA World Cup 2018","2018","Group Stage","2018-06-21","12:00:00.000","Antonio Miguel Mateu Lahoz","Solidarnost Arena",776,"Denmark",792,"Australia",TRUE,1,1,"D",10,5,1,1.0144,7,6,2,0,3,0,478,396,82.8,18,10
"7547","FIFA World Cup 2018","2018","Group Stage","2018-06-21","12:00:00.000","Antonio Miguel Mateu Lahoz","Solidarnost Arena",792,"Australia",776,"Denmark",FALSE,1,1,"D",13,5,4,1.4122,6,6,0,0,5,0,533,442,82.9,15,4
"7535","FIFA World Cup 2018","2018","Group Stage","2018-06-17","12:00:00.000","Malang Diedhiou","Solidarnost Arena",795,"Costa Rica",786,"Serbia",TRUE,0,1,"L",10,3,4,0.596,18,13,2,0,5,1,481,376,78.2,12,9
"7535","FIFA World Cup 2018","2018","Group Stage","2018-06-17","12:00:00.000","Malang Diedhiou","Solidarnost Arena",786,"Serbia",795,"Costa Rica",FALSE,1,0,"W",12,2,3,1.9926,13,18,2,0,4,0,439,335,76.3,23,6
"8649","FIFA World Cup 2018","2018","Quarter-finals","2018-07-06","14:00:00.000","Néstor Fabián Pitana","Stadion Nizhny Novgorod (Nizhniy Novgorod)",783,"Uruguay",771,"France",TRUE,0,2,"L",10,4,1,0.6932,22,18,2,0,4,0,352,217,61.6,13,14
"8649","FIFA World Cup 2018","2018","Quarter-finals","2018-07-06","14:00:00.000","Néstor Fabián Pitana","Stadion Nizhny Novgorod (Nizhniy Novgorod)",771,"France",783,"Uruguay",FALSE,2,0,"W",11,2,1,0.5388,18,21,2,0,3,0,567,445,78.5,32,17
"8658","FIFA World Cup 2018","2018","Final","2018-07-15","17:00:00.000","Néstor Fabián Pitana","Stadion Luzhniki",771,"France",785,"Croatia",TRUE,4,2,"W",8,6,1,1.098,14,13,1,0,2,0,292,202,69.2,24,11
"8658","FIFA World Cup 2018","2018","Final","2018-07-15","17:00:00.000","Néstor Fabián Pitana","Stadion Luzhniki",785,"Croatia",771,"France",FALSE,2,4,"L",15,3,4,1.4803,14,14,1,0,6,0,554,448,80.9,13,6
"7582","FIFA World Cup 2018","2018","Round of 16","2018-07-01","14:00:00.000","Björn Kuipers","Stadion Luzhniki",772,"Spain",796,"Russia",TRUE,1,1,"D",24,9,7,1.4411,6,19,1,0,6,0,1157,1026,88.7,8,3
"7582","FIFA World Cup 2018","2018","Round of 16","2018-07-01","14:00:00.000","Björn Kuipers","Stadion Luzhniki",796,"Russia",772,"Spain",FALSE,1,1,"D",8,1,4,1.4064,21,5,2,0,5,0,326,215,66,28,21
"7552","FIFA World Cup 2018","2018","Group Stage","2018-06-23","12:00:00.000","Jair Marrufo","Otkritie Bank Arena",782,"Belgium",777,"Tunisia",TRUE,5,2,"W",23,11,4,5.3364,13,15,0,0,3,0,475,392,82.5,10,16
"7552","FIFA World Cup 2018","2018","Group Stage","2018-06-23","12:00:00.000","Jair Marrufo","Otkritie Bank Arena",777,"Tunisia",782,"Belgium",FALSE,2,5,"L",17,5,3,1.1882,15,12,1,0,2,0,467,374,80.1,9,9
"7532","FIFA World Cup 2018","2018","Group Stage","2018-06-16","16:00:00.000","Bakary Papa Gassama","Mordovia Arena",784,"Peru",776,"Denmark",TRUE,0,1,"L",17,6,3,1.9264,12,19,1,0,3,1,435,347,79.8,20,8
"7532","FIFA World Cup 2018","2018","Group Stage","2018-06-16","16:00:00.000","Bakary Papa Gassama","Mordovia Arena",776,"Denmark",784,"Peru",FALSE,1,0,"W",11,3,3,1.1216,21,11,2,0,7,0,402,302,75.1,16,11
"7560","FIFA World Cup 2018","2018","Group Stage","2018-06-25","18:00:00.000","Ravshan Irmatov","Rostec Arena",772,"Spain",788,"Morocco",TRUE,2,2,"D",18,3,2,2.6045,6,18,0,0,7,0,753,675,89.6,3,9
"7560","FIFA World Cup 2018","2018","Group Stage","2018-06-25","18:00:00.000","Ravshan Irmatov","Rostec Arena",788,"Morocco",772,"Spain",FALSE,2,2,"D",8,3,1,1.0718,18,6,6,0,1,0,251,187,74.5,18,8
"7533","FIFA World Cup 2018","2018","Group Stage","2018-06-17","18:00:00.000","César Arturo Ramos Palazuelos","Rostov Arena",781,"Brazil",773,"Switzerland",TRUE,1,1,"D",21,4,7,1.8666,12,21,1,0,7,1,555,473,85.2,11,22
"7533","FIFA World Cup 2018","2018","Group Stage","2018-06-17","18:00:00.000","César Arturo Ramos Palazuelos","Rostov Arena",773,"Switzerland",781,"Brazil",FALSE,1,1,"D",7,2,1,0.4721,21,11,2,0,2,0,458,363,79.3,21,15
"7564","FIFA World Cup 2018","2018","Group Stage","2018-06-26","18:00:00.000","Cüneyt Çakιr","Saint-Petersburg Stadium ( Gazprom Arena )",775,"Nigeria",779,"Argentina",TRUE,1,2,"L",9,3,1,1.3053,21,17,2,0,3,0,322,210,65.2,9,27
"7564","FIFA World Cup 2018","2018","Group Stage","2018-06-26","18:00:00.000","Cüneyt Çakιr","Saint-Petersburg Stadium ( Gazprom Arena )",779,"Argentina",775,"Nigeria",FALSE,2,1,"W",8,3,1,0.8506,17,19,3,0,5,0,595,479,80.5,13,13
"7579","FIFA World Cup 2018","2018","Round of 16","2018-06-30","18:00:00.000","César Arturo Ramos Palazuelos","Olimpiyskiy Stadion Fisht",783,"Uruguay",780,"Portugal",TRUE,2,1,"W",7,3,1,0.476,14,12,0,0,2,0,291,190,65.3,25,11
"7579","FIFA World Cup 2018","2018","Round of 16","2018-06-30","18:00:00.000","César Arturo Ramos Palazuelos","Olimpiyskiy Stadion Fisht",780,"Portugal",783,"Uruguay",FALSE,1,2,"L",21,4,8,0.9956,13,14,1,0,9,0,593,486,82,10,10
"7577","FIFA World Cup 2018","2018","Group Stage","2018-06-15","15:00:00.000","Cüneyt Çakιr","Saint-Petersburg Stadium ( Gazprom Arena )",788,"Morocco",797,"Iran",TRUE,0,1,"L",14,3,5,1.0592,22,16,1,0,5,0,492,397,80.7,14,9
"7577","FIFA World Cup 2018","2018","Group Stage","2018-06-15","15:00:00.000","Cüneyt Çakιr","Saint-Petersburg Stadium ( Gazprom Arena )",797,"Iran",788,"Morocco",FALSE,1,0,"W",8,2,2,0.6976,16,21,3,0,2,0,267,144,53.9,12,9
"7525","FIFA World Cup 2018","2018","Group Stage","2018-06-14","15:00:00.000","Néstor Fabián Pitana","Stadion Luzhniki",796,"Russia",799,"Saudi Arabia",TRUE,5,0,"W",14,7,4,1.2816,23,12,1,0,6,0,388,272,70.1,9,4
"7525","FIFA World Cup 2018","2018","Group Stage","2018-06-14","15:00:00.000","Néstor Fabián Pitana","Stadion Luzhniki",799,"Saudi Arabia",796,"Russia",FALSE,0,5,"L",6,0,3,0.2488,12,23,1,0,2,0,572,458,80.1,16,7
"7566","FIFA World Cup 2018","2018","Group Stage","2018-06-27","14:00:00.000","Néstor Fabián Pitana","Ekaterinburg Arena",794,"Mexico",790,"Sweden",TRUE,0,3,"L",22,3,9,1.6107,16,17,3,0,7,1,508,404,79.5,5,12
"7566","FIFA World Cup 2018","2018","Group Stage","2018-06-27","14:00:00.000","Néstor Fabián Pitana","Ekaterinburg Arena",790,"Sweden",794,"Mexico",FALSE,3,0,"W",15,5,1,2.7905,18,14,2,0,3,0,254,152,59.8,24,12
"8651","FIFA World Cup 2018","2018","Quarter-finals","2018-07-07","14:00:00.000","Björn Kuipers","Solidarnost Arena",790,"Sweden",768,"England",TRUE,0,2,"L",8,3,1,0.8342,14,8,2,0,1,0,400,291,72.8,35,9
"8651","FIFA World Cup 2018","2018","Quarter-finals","2018-07-07","14:00:00.000","Björn Kuipers","Solidarnost Arena",768,"England",790,"Sweden",FALSE,2,0,"W",12,2,7,0.7582,8,12,1,0,6,0,563,426,75.7,7,4
"7567","FIFA World Cup 2018","2018","Group Stage","2018-06-27","14:00:00.000","Mark Geiger","Ak Bars Arena",791,"South Korea",770,"Germany",TRUE,2,0,"W",12,5,1,1.7746,16,6,4,0,3,0,259,184,71,31,6
"7567","FIFA World Cup 2018","2018","Group Stage","2018-06-27","14:00:00.000","Mark Geiger","Ak Bars Arena",770,"Germany",791,"South Korea",FALSE,0,2,"L",29,6,10,2.7064,7,15,0,0,8,0,734,631,86,7,8
"7541","FIFA World Cup 2018","2018","Group Stage","2018-06-19","12:00:00.000","Damir Skomina","Mordovia Arena",769,"Colombia",778,"Japan",TRUE,1,2,"L",10,3,4,0.8063,15,11,2,1,3,1,422,314,74.4,7,13
"7541","FIFA World Cup 2018","2018","Group Stage","2018-06-19","12:00:00.000","Damir Skomina","Mordovia Arena",778,"Japan",769,"Colombia",FALSE,2,1,"W",14,6,3,2.3207,11,14,0,0,6,0,630,530,84.1,16,19
"8655","FIFA World Cup 2018","2018","Semi-finals","2018-07-10","18:00:00.000","Andrés Cunha","Saint-Petersburg Stadium ( Gazprom Arena )",771,"France",782,"Belgium",TRUE,1,0,"W",19,5,5,1.6817,6,17,2,0,4,0,367,301,82,21,8
"8655","FIFA World Cup 2018","2018","Semi-finals","2018-07-10","18:00:00.000","Andrés Cunha","Saint-Petersburg Stadium ( Gazprom Arena )",782,"Belgium",771,"France",FALSE,0,1,"L",9,2,1,0.5669,17,6,3,0,5,0,623,549,88.1,11,5
"8657","FIFA World Cup 2018","2018","3rd Place Final","2018-07-14","16:00:00.000","Alireza Faghani","Saint-Petersburg Stadium ( Gazprom Arena )",782,"Belgium",768,"England",TRUE,2,0,"W",11,4,4,1.3207,12,4,1,0,4,0,499,427,85.6,21,9
"8657","FIFA World Cup 2018","2018","3rd Place Final","2018-07-14","16:00:00.000","Alireza Faghani","Saint-Petersburg Stadium ( Gazprom Arena )",768,"England",782,"Belgium",FALSE,0,2,"L",15,5,3,1.3354,4,11,2,0,5,0,685,619,90.4,8,13
"8652","FIFA World Cup 2018","2018","Quarter-finals","2018-07-07","18:00:00.000","Sandro Ricci","Olimpiyskiy Stadion Fisht",796,"Russia",785,"Croatia",TRUE,2,2,"D",13,6,2,1.0709,24,15,1,0,6,0,417,266,63.8,46,9
"8652","FIFA World Cup 2018","2018","Quarter-finals","2018-07-07","18:00:00.000","Sandro Ricci","Olimpiyskiy Stadion Fisht",785,"Croatia",796,"Russia",FALSE,2,2,"D",18,4,4,1.6505,18,23,4,0,8,0,771,607,78.7,28,7
"7563","FIFA World Cup 2018","2018","Group Stage","2018-06-26","14:00:00.000","Sandro Ricci","Stadion Luzhniki",776,"Denmark",771,"France",TRUE,0,0,"D",5,1,3,0.139,11,10,1,0,4,0,342,236,69,20,10
"7563","FIFA World Cup 2018","2018","Group Stage","2018-06-26","14:00:00.000","Sandro Ricci","Stadion Luzhniki",771,"France",776,"Denmark",FALSE,0,0,"D",11,4,1,0.4181,10,11,0,0,2,0,699,592,84.7,8,5
"7556","FIFA World Cup 2018","2018","Group Stage","2018-06-24","15:00:00.000","Gianluca Rocchi","Ekaterinburg Arena",778,"Japan",787,"Senegal",TRUE,2,2,"D",7,3,2,0.9822,9,15,2,0,2,0,476,368,77.3,20,8
"7556","FIFA World Cup 2018","2018","Group Stage","2018-06-24","15:00:00.000","Gianluca Rocchi","Ekaterinburg Arena",787,"Senegal",778,"Japan",FALSE,2,2,"D",15,7,1,1.8783,15,9,3,0,5,0,392,285,72.7,7,9
"7559","FIFA World Cup 2018","2018","Group Stage","2018-06-25","14:00:00.000","Wilmar Alexander Roldán Pérez","Volgograd Arena",799,"Saudi Arabia",774,"Egypt",TRUE,2,1,"W",21,7,5,2.5458,9,15,0,0,6,0,674,589,87.4,6,19
"7559","FIFA World Cup 2018","2018","Group Stage","2018-06-25","14:00:00.000","Wilmar Alexander Roldán Pérez","Volgograd Arena",774,"Egypt",799,"Saudi Arabia",FALSE,1,2,"L",8,1,1,0.9237,17,9,2,0,1,0,379,292,77,21,12
"3857276","FIFA World Cup 2022","2022","Group Stage","2022-12-01","15:00:00.000","Raphael Claus","Al Thumama Stadium",1833,"Canada",788,"Morocco",TRUE,1,2,"L",5,0,1,1.0956,16,15,4,0,6,0,562,480,85.4,12,10
"3857276","FIFA World Cup 2022","2022","Group Stage","2022-12-01","15:00:00.000","Raphael Claus","Al Thumama Stadium",788,"Morocco",1833,"Canada",FALSE,2,1,"W",7,2,2,0.4264,15,16,0,0,2,1,393,310,78.9,29,13
"3857271","FIFA World Cup 2022","2022","Group Stage","2022-11-21","13:00:00.000","Raphael Claus","Sheikh Khalifa International Stadium",768,"England",797,"Iran",TRUE,6,2,"W",13,7,3,1.9872,9,17,0,0,8,0,846,746,88.2,7,6
"3857271","FIFA World Cup 2022","2022","Group Stage","2022-11-21","13:00:00.000","Raphael Claus","Sheikh Khalifa International Stadium",797,"Iran",768,"England",FALSE,2,6,"L",8,2,1,1.4557,21,9,2,0,0,0,247,163,66,21,21
"3857296","FIFA World Cup 2022","2022","Group Stage","2022-12-01","15:00:00.000","Anthony Taylor","Ahmad bin Ali Stadium",785,"Croatia",782,"Belgium",TRUE,0,0,"D",11,4,1,0.695,11,10,0,0,2,0,609,514,84.4,26,12
"3857296","FIFA World Cup 2022","2022","Group Stage","2022-12-01","15:00:00.000","Anthony Taylor","Ahmad bin Ali Stadium",782,"Belgium",785,"Croatia",FALSE,0,0,"D",16,3,6,2.3818,10,10,1,0,4,0,630,543,86.2,30,12
"3857274","FIFA World Cup 2022","2022","Group Stage","2022-11-25","16:00:00.000","Mustapha Ghorbal","Sheikh Khalifa International Stadium",941,"Netherlands",3565,"Ecuador",TRUE,1,1,"D",2,1,0,0.1045,16,12,0,0,2,0,552,457,82.8,24,5
"3857274","FIFA World Cup 2022","2022","Group Stage","2022-11-25","16:00:00.000","Mustapha Ghorbal","Sheikh Khalifa International Stadium",3565,"Ecuador",941,"Netherlands",FALSE,1,1,"D",15,4,6,1.6511,13,14,1,0,5,1,463,359,77.5,18,15
"3857255","FIFA World Cup 2022","2022","Group Stage","2022-12-01","19:00:00.000","Victor Miguel de Freitas Gomes","Sheikh Khalifa International Stadium",778,"Japan",772,"Spain",TRUE,2,1,"W",6,3,1,1.1578,11,8,3,0,0,0,253,177,70,22,14
"3857255","FIFA World Cup 2022","2022","Group Stage","2022-12-01","19:00:00.000","Victor Miguel de Freitas Gomes","Sheikh Khalifa International Stadium",772,"Spain",778,"Japan",FALSE,1,2,"L",12,5,5,0.8577,8,11,0,0,2,0,1093,993,90.9,4,9
"3857272","FIFA World Cup 2022","2022","Group Stage","2022-11-25","19:00:00.000","Jesús Valenzuela Sáez","Al Bayt Stadium",768,"England",1839,"United States",TRUE,0,0,"D",8,3,1,0.4606,11,15,0,0,3,0,582,500,85.9,20,7
"3857272","FIFA World Cup 2022","2022","Group Stage","2022-11-25","19:00:00.000","Jesús Valenzuela Sáez","Al Bayt Stadium",1839,"United States",768,"England",FALSE,0,0,"D",10,1,4,0.5143,16,11,0,0,7,0,456,377,82.7,16,4
"3857278","FIFA World Cup 2022","2022","Group Stage","2022-11-29","19:00:00.000","Antonio Miguel Mateu Lahoz","Al Thumama Stadium",797,"Iran",1839,"United States",TRUE,0,1,"L",4,1,0,0.9208,21,11,3,0,1,0,515,402,78.1,11,11
"3857278","FIFA World Cup 2022","2022","Group Stage","2022-11-29","19:00:00.000","Antonio Miguel Mateu Lahoz","Al Thumama Stadium",1839,"United States",797,"Iran",FALSE,1,0,"W",12,5,3,1.1697,13,17,1,0,5,0,517,426,82.4,31,8
"3857277","FIFA World Cup 2022","2022","Group Stage","2022-11-23","10:00:00.000","Fernando Andrés Rapallini","Al Bayt Stadium",788,"Morocco",785,"Croatia",TRUE,0,0,"D",8,2,6,0.3626,18,12,1,0,0,0,384,301,78.4,22,15
"3857277","FIFA World Cup 2022","2022","Group Stage","2022-11-23","10:00:00.000","Fernando Andrés Rapallini","Al Bayt Stadium",785,"Croatia",788,"Morocco",FALSE,0,0,"D",5,1,2,0.8499,12,17,0,0,5,0,686,577,84.1,9,12
"3857273","FIFA World Cup 2022","2022","Group Stage","2022-11-25","10:00:00.000","Mario Alberto Escobar Toca","Ahmad bin Ali Stadium",907,"Wales",797,"Iran",TRUE,0,2,"L",10,3,2,0.6156,9,10,1,1,2,0,559,438,78.4,35,10
"3857273","FIFA World Cup 2022","2022","Group Stage","2022-11-25","10:00:00.000","Mario Alberto Escobar Toca","Ahmad bin Ali Stadium",797,"Iran",907,"Wales",FALSE,2,0,"W",21,6,10,1.454,10,9,2,0,7,0,363,227,62.5,16,15
"3857275","FIFA World Cup 2022","2022","Group Stage","2022-11-30","15:00:00.000","Matthew Conger","Education City Stadium ",777,"Tunisia",771,"France",TRUE,1,0,"W",5,3,0,0.2983,16,8,1,0,7,0,361,275,76.2,34,13
"3857275","FIFA World Cup 2022","2022","Group Stage","2022-11-30","15:00:00.000","Matthew Conger","Education City Stadium ",771,"France",777,"Tunisia",FALSE,0,1,"L",10,3,4,0.477,8,16,0,0,8,1,661,564,85.3,19,12
"3857261","FIFA World Cup 2022","2022","Group Stage","2022-11-29","19:00:00.000","Slavko Vinčić","Ahmad bin Ali Stadium",907,"Wales",768,"England",TRUE,0,3,"L",7,1,3,0.208,19,11,2,0,1,0,351,274,78.1,14,4
"3857261","FIFA World Cup 2022","2022","Group Stage","2022-11-29","19:00:00.000","Slavko Vinčić","Ahmad bin Ali Stadium",768,"England",907,"Wales",FALSE,3,0,"W",18,7,4,2.9155,11,17,0,0,6,0,630,553,87.8,9,9
"3857290","FIFA World Cup 2022","2022","Group Stage","2022-11-24","10:00:00.000","Facundo Tello Figueroa","Al Janoub Stadium   ",773,"Switzerland",2722,"Cameroon",TRUE,1,0,"W",7,3,1,1.4265,14,10,2,0,11,0,549,461,84,28,8
"3857290","FIFA World Cup 2022","2022","Group Stage","2022-11-24","10:00:00.000","Facundo Tello Figueroa","Al Janoub Stadium   ",2722,"Cameroon",773,"Switzerland",FALSE,0,1,"L",8,5,1,0.6131,10,13,1,0,5,0,533,440,82.6,19,15
"3857298","FIFA World Cup 2022","2022","Group Stage","2022-11-24","16:00:00.000","Ismail Elfath","Stadium 974",780,"Portugal",4885,"Ghana",TRUE,3,2,"W",11,5,3,2.0969,15,20,2,0,3,0,665,576,86.6,18,3
"3857298","FIFA World Cup 2022","2022","Group Stage","2022-11-24","16:00:00.000","Ismail Elfath","Stadium 974",4885,"Ghana",780,"Portugal",FALSE,2,3,"L",9,3,1,0.78,20,15,4,0,3,0,415,336,81,13,12
"3857285","FIFA World Cup 2022","2022","Group Stage","2022-11-21","16:00:00.000","Wilton Pereira Sampaio","Al Thumama Stadium",787,"Senegal",941,"Netherlands",TRUE,0,2,"L",15,4,4,0.6915,13,16,2,0,6,1,430,344,80,34,9
"3857285","FIFA World Cup 2022","2022","Group Stage","2022-11-21","16:00:00.000","Wilton Pereira Sampaio","Al Thumama Stadium",941,"Netherlands",787,"Senegal",FALSE,2,0,"W",10,3,3,1.1239,16,12,1,0,7,1,491,393,80,16,11
"3857282","FIFA World Cup 2022","2022","Group Stage","2022-11-21","19:00:00.000","Abdulrahman Ibrahim Al Jassim","Ahmad bin Ali Stadium",1839,"United States",907,"Wales",TRUE,1,1,"D",6,1,1,0.6025,17,10,4,0,5,0,610,520,85.2,24,13
"3857282","FIFA World Cup 2022","2022","Group Stage","2022-11-21","19:00:00.000","Abdulrahman Ibrahim Al Jassim","Ahmad bin Ali Stadium",907,"Wales",1839,"United States",FALSE,1,1,"D",7,3,1,1.3953,10,16,2,0,3,0,443,339,76.5,29,10
"3857297","FIFA World Cup 2022","2022","Group Stage","2022-11-26","13:00:00.000","Wilton Pereira Sampaio","Education City Stadium ",789,"Poland",799,"Saudi Arabia",TRUE,2,0,"W",9,3,2,1.7342,18,15,3,0,4,0,337,259,76.9,29,12
"3857297","FIFA World Cup 2022","2022","Group Stage","2022-11-26","13:00:00.000","Wilton Pereira Sampaio","Education City Stadium ",799,"Saudi Arabia",789,"Poland",FALSE,0,2,"L",17,5,3,1.972,16,17,2,0,5,0,582,489,84,17,5
"3857294","FIFA World Cup 2022","2022","Group Stage","2022-11-29","15:00:00.000","Bakary Papa Gassama","Al Bayt Stadium",941,"Netherlands",3566,"Qatar",TRUE,2,0,"W",13,4,3,1.714,19,7,1,0,4,0,832,747,89.8,8,4
"3857294","FIFA World Cup 2022","2022","Group Stage","2022-11-29","15:00:00.000","Bakary Papa Gassama","Al Bayt Stadium",3566,"Qatar",941,"Netherlands",FALSE,0,2,"L",5,3,0,0.1437,8,18,0,0,2,0,486,396,81.5,11,12
"3857266","FIFA World Cup 2022","2022","Group Stage","2022-11-26","16:00:00.000","Szymon Marciniak","Stadium 974",771,"France",776,"Denmark",TRUE,2,1,"W",21,6,8,1.9336,4,11,1,0,6,0,540,464,85.9,17,15
"3857266","FIFA World Cup 2022","2022","Group Stage","2022-11-26","16:00:00.000","Szymon Marciniak","Stadium 974",776,"Denmark",771,"France",FALSE,1,2,"L",10,2,2,0.8885,11,4,2,0,4,0,567,479,84.5,17,11
"3857284","FIFA World Cup 2022","2022","Group Stage","2022-11-23","13:00:00.000","Ivan Arcides Barton Cisneros","Sheikh Khalifa International Stadium",770,"Germany",778,"Japan",TRUE,1,2,"L",26,9,6,2.768,7,13,0,0,6,2,826,723,87.5,8,3
"3857284","FIFA World Cup 2022","2022","Group Stage","2022-11-23","13:00:00.000","Ivan Arcides Barton Cisneros","Sheikh Khalifa International Stadium",778,"Japan",770,"Germany",FALSE,2,1,"W",12,4,4,1.2493,15,7,0,0,6,0,294,215,73.1,41,8
"3857254","FIFA World Cup 2022","2022","Group Stage","2022-11-22","13:00:00.000","César Arturo Ramos Palazuelos","Education City Stadium ",776,"Denmark",777,"Tunisia",TRUE,0,0,"D",11,5,2,1.5666,13,9,2,0,11,0,646,544,84.2,20,10
"3857254","FIFA World Cup 2022","2022","Group Stage","2022-11-22","13:00:00.000","César Arturo Ramos Palazuelos","Education City Stadium ",777,"Tunisia",776,"Denmark",FALSE,0,0,"D",13,1,7,1.0599,10,13,1,0,9,0,417,315,75.5,33,12
"3857265","FIFA World Cup 2022","2022","Group Stage","2022-11-22","16:00:00.000","Chris Beath","Stadium 974",794,"Mexico",789,"Poland",TRUE,0,0,"D",11,4,3,0.5291,14,14,2,0,6,1,544,437,80.3,21,8
"3857265","FIFA World Cup 2022","2022","Group Stage","2022-11-22","16:00:00.000","Chris Beath","Stadium 974",789,"Poland",794,"Mexico",FALSE,0,0,"D",6,2,2,1.1379,15,14,1,0,5,0,362,259,71.5,28,8
"3857301","FIFA World Cup 2022","2022","Group Stage","2022-11-25","13:00:00.000","Antonio Miguel Mateu Lahoz","Al Thumama Stadium",3566,"Qatar",787,"Senegal",TRUE,1,3,"L",10,3,3,0.9601,11,13,3,0,6,1,452,362,80.1,24,10
"3857301","FIFA World Cup 2022","2022","Group Stage","2022-11-25","13:00:00.000","Antonio Miguel Mateu Lahoz","Al Thumama Stadium",787,"Senegal",3566,"Qatar",FALSE,3,1,"W",12,4,2,0.903,13,10,3,0,6,1,547,462,84.5,19,6
"3857268","FIFA World Cup 2022","2022","Group Stage","2022-11-23","19:00:00.000","Janny Sikazwe","Ahmad bin Ali Stadium",782,"Belgium",1833,"Canada",TRUE,1,0,"W",9,3,3,0.67,11,15,3,0,4,0,534,451,84.5,30,9
"3857268","FIFA World Cup 2022","2022","Group Stage","2022-11-23","19:00:00.000","Janny Sikazwe","Ahmad bin Ali Stadium",1833,"Canada",782,"Belgium",FALSE,0,1,"L",22,3,8,2.5462,15,10,2,0,4,1,480,401,83.5,10,12
"3857269","FIFA World Cup 2022","2022","Group Stage","2022-11-28","16:00:00.000","Ivan Arcides Barton Cisneros","Stadium 974",781,"Brazil",773,"Switzerland",TRUE,1,0,"W",13,5,5,0.9227,10,18,1,0,8,1,597,507,84.9,11,14
"3857269","FIFA World Cup 2022","2022","Group Stage","2022-11-28","16:00:00.000","Ivan Arcides Barton Cisneros","Stadium 974",773,"Switzerland",781,"Brazil",FALSE,0,1,"L",6,0,4,0.2886,18,10,1,0,3,0,513,428,83.4,27,8
"3869321","FIFA World Cup 2022","2022","Quarter-finals","2022-12-09","19:00:00.000","Antonio Miguel Mateu Lahoz","Lusail Stadium",941,"Netherlands",779,"Argentina",TRUE,2,2,"D",7,2,3,0.5695,37,20,7,1,2,0,691,572,82.8,27,24
"3869321","FIFA World Cup 2022","2022","Quarter-finals","2022-12-09","19:00:00.000","Antonio Miguel Mateu Lahoz","Lusail Stadium",779,"Argentina",941,"Netherlands",FALSE,2,2,"D",14,5,4,1.9392,22,37,8,0,8,0,640,531,83,27,10
"3857292","FIFA World Cup 2022","2022","Group Stage","2022-12-01","19:00:00.000","Stéphanie Frappart","Al Bayt Stadium",795,"Costa Rica",770,"Germany",TRUE,2,4,"L",7,5,1,1.0347,4,9,1,0,1,0,374,284,75.9,37,15
"3857292","FIFA World Cup 2022","2022","Group Stage","2022-12-01","19:00:00.000","Stéphanie Frappart","Al Bayt Stadium",770,"Germany",795,"Costa Rica",FALSE,4,2,"W",31,11,5,4.3161,9,4,0,0,14,1,766,669,87.3,8,11
"3857295","FIFA World Cup 2022","2022","Group Stage","2022-11-27","10:00:00.000","Michael Oliver","Ahmad bin Ali Stadium",778,"Japan",795,"Costa Rica",TRUE,0,1,"L",13,3,7,0.7735,24,13,3,0,5,0,619,527,85.1,9,8
"3857295","FIFA World Cup 2022","2022","Group Stage","2022-11-27","10:00:00.000","Michael Oliver","Ahmad bin Ali Stadium",795,"Costa Rica",778,"Japan",FALSE,1,0,"W",4,1,1,0.1994,13,23,3,0,0,0,470,374,79.6,23,12
"3869685","FIFA World Cup 2022","2022","Final","2022-12-18","17:00:00.000","Szymon Marciniak","Lusail Stadium",779,"Argentina",771,"France",TRUE,3,3,"D",20,10,4,2.7583,29,18,5,0,6,1,693,560,80.8,26,13
"3869685","FIFA World Cup 2022","2022","Final","2022-12-18","17:00:00.000","Szymon Marciniak","Lusail Stadium",771,"France",779,"Argentina",FALSE,3,3,"D",10,5,3,2.2726,19,26,3,0,5,0,570,434,76.1,19,15
"3869684","FIFA World Cup 2022","2022","3rd Place Final","2022-12-17","17:00:00.000","Abdulrahman Ibrahim Al Jassim","Sheikh Khalifa International Stadium",785,"Croatia",788,"Morocco",TRUE,2,1,"W",12,4,3,0.8493,14,15,0,0,6,0,528,439,83.1,19,8
"3869684","FIFA World Cup 2022","2022","3rd Place Final","2022-12-17","17:00:00.000","Abdulrahman Ibrahim Al Jassim","Sheikh Khalifa International Stadium",788,"Morocco",785,"Croatia",FALSE,1,2,"L",9,2,2,0.9915,15,14,2,0,3,0,512,431,84.2,16,16
"3857256","FIFA World Cup 2022","2022","Group Stage","2022-12-02","19:00:00.000","Fernando Andrés Rapallini","Stadium 974",786,"Serbia",773,"Switzerland",TRUE,2,3,"L",12,4,2,1.189,21,14,7,0,2,0,521,407,78.1,9,5
"3857256","FIFA World Cup 2022","2022","Group Stage","2022-12-02","19:00:00.000","Fernando Andrés Rapallini","Stadium 974",773,"Switzerland",786,"Serbia",FALSE,3,2,"W",14,7,4,3.1035,14,20,4,0,0,0,445,346,77.8,27,18
"3869151","FIFA World Cup 2022","2022","Round of 16","2022-12-03","21:00:00.000","Szymon Marciniak","Ahmad bin Ali Stadium",779,"Argentina",792,"Australia",TRUE,2,1,"W",14,5,2,1.4816,9,16,0,0,1,0,728,646,88.7,25,16
"3869151","FIFA World Cup 2022","2022","Round of 16","2022-12-03","21:00:00.000","Szymon Marciniak","Ahmad bin Ali Stadium",792,"Australia",779,"Argentina",FALSE,1,2,"L",5,1,3,0.4261,18,8,2,0,3,0,478,384,80.3,11,9
"3857257","FIFA World Cup 2022","2022","Group Stage","2022-11-30","15:00:00.000","Mustapha Ghorbal","Al Janoub Stadium   ",792,"Australia",776,"Denmark",TRUE,1,0,"W",8,4,3,0.4697,12,9,2,0,2,0,350,219,62.6,29,11
"3857257","FIFA World Cup 2022","2022","Group Stage","2022-11-30","15:00:00.000","Mustapha Ghorbal","Al Janoub Stadium   ",776,"Denmark",792,"Australia",FALSE,0,1,"L",14,4,5,0.7372,10,11,1,0,6,0,715,590,82.5,27,12
"3857258","FIFA World Cup 2022","2022","Group Stage","2022-11-24","19:00:00.000","Alireza Faghani","Lusail Stadium",781,"Brazil",786,"Serbia",TRUE,2,0,"W",23,9,5,2.1239,8,11,0,0,5,0,618,539,87.2,22,8
"3857258","FIFA World Cup 2022","2022","Group Stage","2022-11-24","19:00:00.000","Alireza Faghani","Lusail Stadium",786,"Serbia",781,"Brazil",FALSE,0,2,"L",5,0,2,0.1633,11,7,3,0,4,0,446,351,78.7,19,11
"3857288","FIFA World Cup 2022","2022","Group Stage","2022-11-26","10:00:00.000","Daniel Siebert","Al Janoub Stadium   ",777,"Tunisia",792,"Australia",TRUE,0,1,"L",14,4,6,1.0522,15,14,3,0,5,0,548,406,74.1,35,8
"3857288","FIFA World Cup 2022","2022","Group Stage","2022-11-26","10:00:00.000","Daniel Siebert","Al Janoub Stadium   ",792,"Australia",777,"Tunisia",FALSE,1,0,"W",9,2,3,0.359,16,12,0,0,2,0,404,274,67.8,34,11
"3857267","FIFA World Cup 2022","2022","Group Stage","2022-11-29","15:00:00.000","Clément Turpin","Sheikh Khalifa International Stadium",3565,"Ecuador",787,"Senegal",TRUE,1,2,"L",9,4,2,1.0017,23,8,0,0,3,0,465,362,77.8,29,9
"3857267","FIFA World Cup 2022","2022","Group Stage","2022-11-29","15:00:00.000","Clément Turpin","Sheikh Khalifa International Stadium",787,"Senegal",3565,"Ecuador",FALSE,2,1,"W",13,3,4,1.7075,10,22,1,0,6,1,311,213,68.5,39,7
"3857287","FIFA World Cup 2022","2022","Group Stage","2022-11-24","13:00:00.000","Clément Turpin","Education City Stadium ",783,"Uruguay",791,"South Korea",TRUE,0,0,"D",10,1,2,0.4173,7,11,1,0,4,0,570,475,83.3,31,17
"3857287","FIFA World Cup 2022","2022","Group Stage","2022-11-24","13:00:00.000","Clément Turpin","Education City Stadium ",791,"South Korea",783,"Uruguay",FALSE,0,0,"D",7,0,1,0.493,11,7,1,0,3,0,463,351,75.8,20,13
"3869486","FIFA World Cup 2022","2022","Quarter-finals","2022-12-10","17:00:00.000","Facundo Tello Figueroa","Al Thumama Stadium",788,"Morocco",780,"Portugal",TRUE,1,0,"W",9,3,0,0.972,18,9,2,1,3,0,249,184,73.9,35,15
"3869486","FIFA World Cup 2022","2022","Quarter-finals","2022-12-10","17:00:00.000","Facundo Tello Figueroa","Al Thumama Stadium",780,"Portugal",788,"Morocco",FALSE,0,1,"L",12,3,3,0.7441,9,17,1,0,9,0,731,616,84.3,3,4
"3857260","FIFA World Cup 2022","2022","Group Stage","2022-11-30","19:00:00.000","Michael Oliver","Lusail Stadium",799,"Saudi Arabia",794,"Mexico",TRUE,1,2,"L",10,2,1,1.0761,21,16,6,0,1,0,322,194,60.2,30,15
"3857260","FIFA World Cup 2022","2022","Group Stage","2022-11-30","19:00:00.000","Michael Oliver","Lusail Stadium",794,"Mexico",799,"Saudi Arabia",FALSE,2,1,"W",26,10,9,2.3221,18,21,1,0,8,0,488,367,75.2,21,15
"3857264","FIFA World Cup 2022","2022","Group Stage","2022-11-30","19:00:00.000","Danny Desmond Makkelie","Stadium 974",789,"Poland",779,"Argentina",TRUE,0,2,"L",4,0,2,0.1976,9,12,1,0,1,0,337,267,79.2,32,10
"3857264","FIFA World Cup 2022","2022","Group Stage","2022-11-30","19:00:00.000","Danny Desmond Makkelie","Stadium 974",779,"Argentina",789,"Poland",FALSE,2,0,"W",24,13,4,3.0767,12,9,1,0,8,0,909,826,90.9,7,7
"3857289","FIFA World Cup 2022","2022","Group Stage","2022-11-26","19:00:00.000","Daniele Orsato","Lusail Stadium",779,"Argentina",794,"Mexico",TRUE,2,0,"W",5,2,0,0.3252,15,20,1,0,4,0,567,476,84,20,5
"3857289","FIFA World Cup 2022","2022","Group Stage","2022-11-26","19:00:00.000","Daniele Orsato","Lusail Stadium",794,"Mexico",779,"Argentina",FALSE,0,2,"L",4,1,1,0.2064,21,14,4,0,2,0,403,304,75.4,15,16
"3869254","FIFA World Cup 2022","2022","Round of 16","2022-12-06","21:00:00.000","César Arturo Ramos Palazuelos","Lusail Stadium",780,"Portugal",773,"Switzerland",TRUE,6,1,"W",15,9,3,2.2843,14,15,0,0,6,0,488,404,82.8,16,10
"3869254","FIFA World Cup 2022","2022","Round of 16","2022-12-06","21:00:00.000","César Arturo Ramos Palazuelos","Lusail Stadium",773,"Switzerland",780,"Portugal",FALSE,1,6,"L",10,3,4,1.2718,15,14,2,0,6,0,528,438,83,15,9
"3869118","FIFA World Cup 2022","2022","Round of 16","2022-12-04","21:00:00.000","Ivan Arcides Barton Cisneros","Al Bayt Stadium",768,"England",787,"Senegal",TRUE,3,0,"W",8,4,0,1.02,16,13,0,0,3,0,626,536,85.6,11,15
"3869118","FIFA World Cup 2022","2022","Round of 16","2022-12-04","21:00:00.000","Ivan Arcides Barton Cisneros","Al Bayt Stadium",787,"Senegal",768,"England",FALSE,0,3,"L",10,1,4,0.9728,13,16,1,0,3,0,408,323,79.2,21,9
"3869519","FIFA World Cup 2022","2022","Semi-finals","2022-12-13","21:00:00.000","Daniele Orsato","Lusail Stadium",779,"Argentina",785,"Croatia",TRUE,3,0,"W",9,7,1,1.8644,20,10,2,0,2,0,432,358,82.9,18,8
"3869519","FIFA World Cup 2022","2022","Semi-finals","2022-12-13","21:00:00.000","Daniele Orsato","Lusail Stadium",785,"Croatia",779,"Argentina",FALSE,0,3,"L",12,2,3,0.4101,10,20,2,0,4,0,648,559,86.3,8,12
"3869354","FIFA World Cup 2022","2022","Quarter-finals","2022-12-10","21:00:00.000","Wilton Pereira Sampaio","Al Bayt Stadium",768,"England",771,"France",TRUE,1,2,"L",16,7,5,2.3526,10,15,1,0,5,0,554,465,83.9,11,9
"3869354","FIFA World Cup 2022","2022","Quarter-finals","2022-12-10","21:00:00.000","Wilton Pereira Sampaio","Al Bayt Stadium",771,"France",768,"England",FALSE,2,1,"W",8,5,1,0.8394,15,10,3,0,2,0,412,328,79.6,17,7
"3869552","FIFA World Cup 2022","2022","Semi-finals","2022-12-14","21:00:00.000","César Arturo Ramos Palazuelos","Al Bayt Stadium",771,"France",788,"Morocco",TRUE,2,0,"W",14,2,6,2.0024,14,13,0,0,2,1,387,316,81.7,19,20
"3869552","FIFA World Cup 2022","2022","Semi-finals","2022-12-14","21:00:00.000","César Arturo Ramos Palazuelos","Al Bayt Stadium",788,"Morocco",771,"France",FALSE,0,2,"L",13,1,6,1.2304,14,14,1,0,3,0,615,529,86,12,4
"3869420","FIFA World Cup 2022","2022","Quarter-finals","2022-12-09","17:00:00.000","Michael Oliver","Education City Stadium ",785,"Croatia",781,"Brazil",TRUE,1,1,"D",9,1,3,0.6329,23,23,2,0,3,1,737,639,86.7,34,14
"3869420","FIFA World Cup 2022","2022","Quarter-finals","2022-12-09","17:00:00.000","Michael Oliver","Education City Stadium ",781,"Brazil",785,"Croatia",FALSE,1,1,"D",20,11,6,1.8163,25,23,3,0,7,0,747,652,87.3,13,8
"3869220","FIFA World Cup 2022","2022","Round of 16","2022-12-06","17:00:00.000","Fernando Andrés Rapallini","Education City Stadium ",788,"Morocco",772,"Spain",TRUE,0,0,"D",6,2,0,0.5704,19,14,1,0,0,0,365,250,68.5,35,18
"3869220","FIFA World Cup 2022","2022","Round of 16","2022-12-06","17:00:00.000","Fernando Andrés Rapallini","Education City Stadium ",772,"Spain",788,"Morocco",FALSE,0,0,"D",12,1,5,0.495,14,18,1,0,8,0,1068,960,89.9,10,9
"3869219","FIFA World Cup 2022","2022","Round of 16","2022-12-05","17:00:00.000","Ismail Elfath","Al Janoub Stadium   ",778,"Japan",785,"Croatia",TRUE,1,1,"D",13,4,4,1.069,13,15,0,0,8,0,582,436,74.9,34,21
"3869219","FIFA World Cup 2022","2022","Round of 16","2022-12-05","17:00:00.000","Ismail Elfath","Al Janoub Stadium   ",785,"Croatia",778,"Japan",FALSE,1,1,"D",17,4,7,0.8544,16,13,2,0,5,0,796,657,82.5,43,10
"3869253","FIFA World Cup 2022","2022","Round of 16","2022-12-05","21:00:00.000","Clément Turpin","Stadium 974",781,"Brazil",791,"South Korea",TRUE,4,1,"W",18,10,2,3.2614,8,11,0,0,5,0,641,566,88.3,10,8
"3869253","FIFA World Cup 2022","2022","Round of 16","2022-12-05","21:00:00.000","Clément Turpin","Stadium 974",791,"South Korea",781,"Brazil",FALSE,1,4,"L",8,6,0,0.3448,12,8,1,0,4,1,555,476,85.8,15,22
"3869152","FIFA World Cup 2022","2022","Round of 16","2022-12-04","17:00:00.000","Jesús Valenzuela Sáez","Al Thumama Stadium",771,"France",789,"Poland",TRUE,3,1,"W",16,8,2,1.1264,11,10,1,0,7,0,593,505,85.2,12,15
"3869152","FIFA World Cup 2022","2022","Round of 16","2022-12-04","17:00:00.000","Jesús Valenzuela Sáez","Al Thumama Stadium",789,"Poland",771,"France",FALSE,1,3,"L",12,2,6,1.5935,10,10,2,0,1,1,488,406,83.2,22,8
"3869117","FIFA World Cup 2022","2022","Round of 16","2022-12-03","17:00:00.000","Wilton Pereira Sampaio","Sheikh Khalifa International Stadium",941,"Netherlands",1839,"United States",TRUE,3,1,"W",11,6,1,1.4819,11,4,2,0,4,0,439,332,75.6,35,7
"3869117","FIFA World Cup 2022","2022","Round of 16","2022-12-03","17:00:00.000","Wilton Pereira Sampaio","Sheikh Khalifa International Stadium",1839,"United States",941,"Netherlands",FALSE,1,3,"L",18,6,5,1.6521,5,11,0,0,5,1,618,499,80.7,11,15
"3857270","FIFA World Cup 2022","2022","Group Stage","2022-11-28","19:00:00.000","Alireza Faghani","Lusail Stadium",780,"Portugal",783,"Uruguay",TRUE,2,0,"W",15,3,6,1.2137,11,13,3,0,6,0,626,525,83.9,31,7
"3857270","FIFA World Cup 2022","2022","Group Stage","2022-11-28","19:00:00.000","Alireza Faghani","Lusail Stadium",783,"Uruguay",780,"Portugal",FALSE,0,2,"L",11,3,1,1.2167,16,10,2,0,2,0,438,324,74,12,9
"3857263","FIFA World Cup 2022","2022","Group Stage","2022-11-27","19:00:00.000","Danny Desmond Makkelie","Al Bayt Stadium",772,"Spain",770,"Germany",TRUE,1,1,"D",7,2,2,0.6395,14,15,1,0,6,0,663,578,87.2,16,12
"3857263","FIFA World Cup 2022","2022","Group Stage","2022-11-27","19:00:00.000","Danny Desmond Makkelie","Al Bayt Stadium",770,"Germany",772,"Spain",FALSE,1,1,"D",11,4,3,1.147,15,13,3,0,5,0,371,291,78.4,15,19
"3857259","FIFA World Cup 2022","2022","Group Stage","2022-11-28","10:00:00.000","Mohamed Abdulla Hassan Mohd","Al Janoub Stadium   ",2722,"Cameroon",786,"Serbia",TRUE,3,3,"D",13,8,3,2.0703,9,15,2,0,4,0,395,276,69.9,23,20
"3857259","FIFA World Cup 2022","2022","Group Stage","2022-11-28","10:00:00.000","Mohamed Abdulla Hassan Mohd","Al Janoub Stadium   ",786,"Serbia",2722,"Cameroon",FALSE,3,3,"D",15,5,2,1.7381,16,9,2,0,3,1,536,428,79.9,33,9
"3857283","FIFA World Cup 2022","2022","Group Stage","2022-11-27","13:00:00.000","César Arturo Ramos Palazuelos","Al Thumama Stadium",782,"Belgium",788,"Morocco",TRUE,0,2,"L",10,4,2,0.6426,10,16,1,0,9,1,703,604,85.9,6,2
"3857283","FIFA World Cup 2022","2022","Group Stage","2022-11-27","13:00:00.000","César Arturo Ramos Palazuelos","Al Thumama Stadium",788,"Morocco",782,"Belgium",FALSE,2,0,"W",10,4,0,0.9911,16,9,1,0,1,1,347,287,82.7,22,8
"3857286","FIFA World Cup 2022","2022","Group Stage","2022-11-20","16:00:00.000","Daniele Orsato","Al Bayt Stadium",3566,"Qatar",3565,"Ecuador",TRUE,0,2,"L",5,0,0,0.3042,17,14,4,0,1,0,468,382,81.6,21,5
"3857286","FIFA World Cup 2022","2022","Group Stage","2022-11-20","16:00:00.000","Daniele Orsato","Al Bayt Stadium",3565,"Ecuador",3566,"Qatar",FALSE,2,0,"W",6,3,0,1.154,14,17,2,0,3,1,519,432,83.2,4,8
"3857300","FIFA World Cup 2022","2022","Group Stage","2022-11-22","10:00:00.000","Slavko Vinčić","Lusail Stadium",779,"Argentina",799,"Saudi Arabia",TRUE,1,2,"L",15,6,3,2.4916,7,22,0,0,9,0,646,542,83.9,18,11
"3857300","FIFA World Cup 2022","2022","Group Stage","2022-11-22","10:00:00.000","Slavko Vinčić","Lusail Stadium",799,"Saudi Arabia",779,"Argentina",FALSE,2,1,"W",3,2,1,0.1535,22,6,6,0,2,0,286,197,68.9,29,21
"3857299","FIFA World Cup 2022","2022","Group Stage","2022-11-28","13:00:00.000","Anthony Taylor","Education City Stadium ",791,"South Korea",4885,"Ghana",TRUE,2,3,"L",21,6,10,1.3678,15,10,2,0,12,0,605,499,82.5,17,5
"3857299","FIFA World Cup 2022","2022","Group Stage","2022-11-28","13:00:00.000","Anthony Taylor","Education City Stadium ",4885,"Ghana",791,"South Korea",FALSE,3,2,"W",7,3,0,1.1805,10,15,2,0,5,0,340,266,78.2,56,9
"3857293","FIFA World Cup 2022","2022","Group Stage","2022-12-02","15:00:00.000","Daniel Siebert","Al Janoub Stadium   ",4885,"Ghana",783,"Uruguay",TRUE,0,2,"L",9,4,2,1.3927,21,11,2,0,5,0,493,384,77.9,26,6
"3857293","FIFA World Cup 2022","2022","Group Stage","2022-12-02","15:00:00.000","Daniel Siebert","Al Janoub Stadium   ",783,"Uruguay",4885,"Ghana",FALSE,2,0,"W",12,6,1,1.6366,11,19,5,0,2,0,469,364,77.6,30,10
"3857291","FIFA World Cup 2022","2022","Group Stage","2022-11-23","16:00:00.000",,"Al Thumama Stadium",772,"Spain",795,"Costa Rica",TRUE,7,0,"W",17,8,2,2.7619,8,13,0,0,5,0,1090,1009,92.6,5,7
"3857291","FIFA World Cup 2022","2022","Group Stage","2022-11-23","16:00:00.000",,"Al Thumama Stadium",795,"Costa Rica",772,"Spain",FALSE,0,7,"L",0,0,0,0,14,7,2,0,0,1,250,172,68.8,21,9
"3857281","FIFA World Cup 2022","2022","Group Stage","2022-11-27","16:00:00.000","Andrés Matonte","Sheikh Khalifa International Stadium",785,"Croatia",1833,"Canada",TRUE,4,1,"W",13,10,0,2.6102,15,5,2,0,5,0,507,411,81.1,18,17
"3857281","FIFA World Cup 2022","2022","Group Stage","2022-11-27","16:00:00.000","Andrés Matonte","Sheikh Khalifa International Stadium",1833,"Canada",785,"Croatia",FALSE,1,4,"L",8,2,3,0.2868,6,15,2,0,2,0,529,437,82.6,29,10
"3857280","FIFA World Cup 2022","2022","Group Stage","2022-12-02","19:00:00.000","Ismail Elfath","Lusail Stadium",2722,"Cameroon",781,"Brazil",TRUE,1,0,"W",7,3,1,0.3834,17,15,4,1,3,0,333,254,76.3,25,11
"3857280","FIFA World Cup 2022","2022","Group Stage","2022-12-02","19:00:00.000","Ismail Elfath","Lusail Stadium",781,"Brazil",2722,"Cameroon",FALSE,0,1,"L",21,8,3,2.3782,15,14,2,0,11,0,593,512,86.3,13,4
"3857279","FIFA World Cup 2022","2022","Group Stage","2022-11-22","19:00:00.000","Victor Miguel de Freitas Gomes","Al Janoub Stadium   ",771,"France",792,"Australia",TRUE,4,1,"W",23,6,8,3.1705,4,14,0,0,8,0,763,680,89.1,11,11
"3857279","FIFA World Cup 2022","2022","Group Stage","2022-11-22","19:00:00.000","Victor Miguel de Freitas Gomes","Al Janoub Stadium   ",792,"Australia",771,"France",FALSE,1,4,"L",4,1,0,0.3233,14,4,3,0,1,0,475,394,82.9,21,11
"3857262","FIFA World Cup 2022","2022","Group Stage","2022-12-02","15:00:00.000","Facundo Tello Figueroa","Education City Stadium ",791,"South Korea",780,"Portugal",TRUE,2,1,"W",12,6,4,1.399,9,10,2,0,5,1,388,309,79.6,29,7
"3857262","FIFA World Cup 2022","2022","Group Stage","2022-12-02","15:00:00.000","Facundo Tello Figueroa","Education City Stadium ",780,"Portugal",791,"South Korea",FALSE,1,2,"L",13,6,4,0.9737,10,9,0,0,4,0,619,534,86.3,19,6
